,Churn,AccountWeeks,ContractRenewal,DataPlan,DataUsage,CustServCalls,DayMins,DayCalls,MonthlyCharge,OverageFee,RoamMins
count,2919.0,2919.0,2919.0,2919.0,2919.0,2919.0,2919.0,2919.0,2919.0,2919.0,2919.0
mean,0.10996916752312436,100.55635491606715,1.0,0.2726961288112367,0.800774237752655,1.5173004453579992,179.38198013018157,100.53819801301816,56.06495375128469,10.04074340527578,10.251010620075368
std,0.31290492462139574,39.667416528808864,0.0,0.4454221805655546,1.251383586601854,1.2083891598833603,53.471015164280466,19.569996083736438,15.99608893220646,2.495545358637124,2.6677210523175723
min,0.0,1.0,1.0,0.0,0.0,0.0,17.6,42.0,16.0,2.46,2.0
25%,0.0,73.0,1.0,0.0,0.0,1.0,143.7,88.0,45.0,8.3,8.5
50%,0.0,100.0,1.0,0.0,0.0,1.0,179.3,101.0,53.0,10.07,10.3
75%,0.0,127.0,1.0,1.0,1.73,2.0,215.45,114.0,66.0,11.76,12.1
max,1.0,217.0,1.0,1.0,4.56,5.0,337.4,160.0,105.2,17.58,18.4
